passport,birthday,full_name,sport_kind,salary
2a81f0a8-55e6-4eba-ad18-fec0e465d1d5,1/16/1987,Malvina Hailey,2,1226
d46ee87b-569f-40c7-be38-211bd9f4f335,12/21/1955,Christoforo Overshott,2,1727
2755a34c-0b52-4ba1-b58e-dbe628b923d9,3/15/1971,Georgeanna Tineman,2,2943
6951af7a-d949-4e82-a4e1-fd3fa76799f1,8/15/1965,Laughton Henriques,2,1961
3eddcdea-d781-49cb-9261-40bad9efb12e,8/31/1989,Ibby Brannan,3,1442
511f8e7c-f304-4d0e-8bb9-28d1a137cabf,2/25/1961,Kacey Lusher,2,1663
3be2018e-a5e3-4903-8770-f46b5ae582ae,1/19/1979,Trix Goadby,2,2091
07930f6e-5d04-478c-b15d-fe997528e19e,8/31/1968,Claudine Chalke,2,2982
2bbed8ff-0e66-4b9c-bf2c-1484c8c94b99,5/2/1984,Forester Rudiger,2,2219
1ed0fd04-5eb3-44d1-b634-e5dd1de04a6c,11/6/1997,Con Becom,2,2822
