passport,full_name,sport_kind
d300f4ba-3557-4ff9-aea3-bc86b04606a7,Mersey Dabernott,2
0885a69b-cb60-4252-bb76-2af0b857aed7,Blinny Fevier,3
2316ada6-394d-4f1b-86df-e73d2b4e662a,Derry Staton,3
a330d406-ba93-4082-8502-008895fbb6b0,Yuma Harden,3
9ef264c4-f1ca-48ff-b8e3-d64d13bed617,Bertie Dymidowski,3
176a8247-bb3a-46df-ab31-3333f3247219,Kaitlynn Adamik,2
16863102-93cb-4a93-aabf-23473108160d,Em Levitt,2
3d412fe2-73e0-41a1-8cde-646b7f6a4a54,Lu Blinder,3
4da53127-d4d7-4c2e-a3dc-e2651bf458a4,Frederik Whacket,2
3014a5cf-1edb-442e-8981-61759890ccc0,Orsa Martinyuk,3
1107b137-642d-4c4b-96d6-5a8bc37415db,Morganica Alenichicov,3
4db4cb45-9651-4983-bb0f-5ce4a5fa8dbb,Koral Antcliff,3
be5e40e2-8e84-4316-a128-83d57dc86916,Sunshine Benbow,3
a83e1f27-e930-407c-a916-cb8ba05a1960,Axel Bignold,3
7a3bd145-d33b-442d-afc4-cbfe2f7241e1,Arlana Petegrew,2
0f09ecf5-7ca5-4573-a525-85bea269e6b3,Rose Markwell,2
65d8c33b-c843-4848-b920-9707a048fdb4,Killie Hamman,3
84274471-6aad-443d-86f8-4ff388603ee8,Parry Paullin,3
26d48c22-b78e-42ca-a681-e96402e173b2,Tarrance Sarre,2
5b2bbcf2-a36f-404d-b533-ba0bf36536cf,Robbie Scrannage,3
40233460-a8f3-4582-b31c-919568819b1c,Michail Grizard,2
3f532e0d-3639-421b-b5c8-c25d5f103c37,Odelia Rippen,3
47e57df4-fabf-48e8-af5a-a777ad879247,Erick Holborn,2
ea4ff34c-5131-448e-b82e-0e047f100f01,Hansiain Yeulet,2
78e5e835-37b4-46e6-b9ef-3d14a3ab45e0,Adrianna Iacomi,2
e0d239a7-5043-41e4-b743-46a0ae3dcd2e,Blinnie Baty,2
060aef7f-b287-40ed-866b-ee4ffd932a93,Dorthy Marklund,2
fbad1dbf-4d79-4a49-b96c-0f4dc8577bae,Barbe Kubasek,3
1adbda64-fcca-47b2-887e-cd1ea5b1c4d5,Rona Duns,3
e47eb5b2-c1b8-4062-921c-d6b0df988a51,Sonnie Spyby,2
678ef751-5512-4f1f-89e6-cf850111393f,Clemens Dollimore,3
93ab90aa-5c59-4d0a-bde3-5a2a0f45991a,Myles O' Borne,2
cbda3d37-9093-49dd-9726-87c0663486a5,Briano Waterworth,3
0c759cf8-9bbd-4467-9665-6030d52817e3,Merrill Isac,3
7fd00bb1-c88c-4985-8135-42b7f62c115e,Faina Moorfield,2
e3cb5674-bb43-40ca-99bc-059cab250049,Ronica Aylesbury,2
f6c4d803-826f-48b2-b6ac-84bb2110ac10,Davis Boult,3
b6143422-35d1-40c2-bd77-b08ed5847bf3,Gorden Eblein,2
717feabd-e6c7-4beb-8ec9-6e276a6e745b,Filide Sandyfirth,3
fb1e285a-9431-4145-9a75-c4fbe534f249,Lissi Lammiman,2
8df6c5f3-c111-4f75-a829-5bffe48d4404,Florella Drewes,2
a88bf902-d5f6-4996-aaf7-b5d154450ee4,Melania Goodayle,3
5f747790-172a-4676-9c3f-571b024fe66d,Jacqueline Phifer,2
1d87cad7-14c2-4c83-961f-ee537801f635,Richie Server,2
d4bcb0fa-bd95-4e8a-bbec-dcc12f776847,Windham Naden,3
35b0c25c-b181-4fdc-a341-34b3c783a2ef,Blair McGruar,3
fe32d968-43cd-4da8-b0d4-d3a430a0f9a8,Darya Beeken,2
0fb358c6-718b-4cb9-bc81-659274ec6e49,Nolie Tremontana,2
c99fdcef-fb1a-4f0b-8bde-02f34ac06336,Cherye Murrells,3
f4edd6d5-483a-4765-bf80-bbcf25caf83f,Tiertza Abelevitz,2
